,predicted_status_norm,groundtruth_status_norm
0,0.09285453597497394,0.16039951594393476
1,0.00903289817232376,0.01920584741050365
2,1.0,1.0
3,0.093,0.0
4,0.073284,0.15717230325031614
5,0.0003540609137055838,0.14063870440348455
6,0.0,0.047276395460477315
